edge_index,v_i,v_j,v_i_coords,v_j_coords,root_index,root_coords,we6_orbit_id,we6_orbit_size
0,0,1,"(0, 0, 0, 1)","(0, 0, 1, 0)",112,"(-1, -1, -1, -1, -1, -1, -1, -1)",0,27
1,0,2,"(0, 0, 0, 1)","(0, 0, 1, 1)",208,"(-1, -1, -1, -1, -1, -1, 1, 1)",5,27
2,0,3,"(0, 0, 0, 1)","(0, 0, 1, 2)",111,"(0, 0, 0, 0, 0, 0, -2, -2)",10,1
3,0,13,"(0, 0, 0, 1)","(1, 0, 0, 0)",108,"(0, 0, 0, 0, 0, 0, 2, 2)",8,1
4,0,14,"(0, 0, 0, 1)","(1, 0, 0, 1)",143,"(1, 1, 1, 1, 1, 1, -1, -1)",6,27
5,0,15,"(0, 0, 0, 1)","(1, 0, 0, 2)",239,"(1, 1, 1, 1, 1, 1, 1, 1)",2,27
6,0,16,"(0, 0, 0, 1)","(1, 0, 1, 0)",1,"(2, -2, 0, 0, 0, 0, 0, 0)",3,72
7,0,17,"(0, 0, 0, 1)","(1, 0, 1, 1)",2,"(-2, 2, 0, 0, 0, 0, 0, 0)",3,72
8,0,18,"(0, 0, 0, 1)","(1, 0, 1, 2)",5,"(2, 0, -2, 0, 0, 0, 0, 0)",3,72
9,0,19,"(0, 0, 0, 1)","(1, 0, 2, 0)",6,"(-2, 0, 2, 0, 0, 0, 0, 0)",3,72
10,0,20,"(0, 0, 0, 1)","(1, 0, 2, 1)",9,"(2, 0, 0, -2, 0, 0, 0, 0)",3,72
11,0,21,"(0, 0, 0, 1)","(1, 0, 2, 2)",10,"(-2, 0, 0, 2, 0, 0, 0, 0)",3,72
12,1,2,"(0, 0, 1, 0)","(0, 0, 1, 1)",13,"(2, 0, 0, 0, -2, 0, 0, 0)",3,72
13,1,3,"(0, 0, 1, 0)","(0, 0, 1, 2)",14,"(-2, 0, 0, 0, 2, 0, 0, 0)",3,72
14,1,4,"(0, 0, 1, 0)","(0, 1, 0, 0)",20,"(2, 0, 0, 0, 0, 0, 2, 0)",5,27
15,1,5,"(0, 0, 1, 0)","(0, 1, 0, 1)",24,"(2, 0, 0, 0, 0, 0, 0, 2)",2,27
16,1,6,"(0, 0, 1, 0)","(0, 1, 0, 2)",44,"(0, 2, 0, 0, 0, 0, 2, 0)",5,27
17,1,7,"(0, 0, 1, 0)","(0, 1, 1, 0)",48,"(0, 2, 0, 0, 0, 0, 0, 2)",2,27
18,1,8,"(0, 0, 1, 0)","(0, 1, 1, 1)",64,"(0, 0, 2, 0, 0, 0, 2, 0)",5,27
19,1,9,"(0, 0, 1, 0)","(0, 1, 1, 2)",68,"(0, 0, 2, 0, 0, 0, 0, 2)",2,27
20,1,10,"(0, 0, 1, 0)","(0, 1, 2, 0)",80,"(0, 0, 0, 2, 0, 0, 2, 0)",5,27
21,1,11,"(0, 0, 1, 0)","(0, 1, 2, 1)",84,"(0, 0, 0, 2, 0, 0, 0, 2)",2,27
22,1,12,"(0, 0, 1, 0)","(0, 1, 2, 2)",92,"(0, 0, 0, 0, 2, 0, 2, 0)",5,27
23,2,3,"(0, 0, 1, 1)","(0, 0, 1, 2)",17,"(2, 0, 0, 0, 0, -2, 0, 0)",1,27
24,2,31,"(0, 0, 1, 1)","(1, 2, 0, 0)",96,"(0, 0, 0, 0, 2, 0, 0, 2)",2,27
25,2,32,"(0, 0, 1, 1)","(1, 2, 0, 1)",100,"(0, 0, 0, 0, 0, 2, 2, 0)",2,27
26,2,33,"(0, 0, 1, 1)","(1, 2, 0, 2)",104,"(0, 0, 0, 0, 0, 2, 0, 2)",12,1
27,2,34,"(0, 0, 1, 1)","(1, 2, 1, 0)",215,"(1, 1, 1, 1, -1, -1, 1, 1)",5,27
28,2,35,"(0, 0, 1, 1)","(1, 2, 1, 1)",219,"(1, 1, 1, -1, 1, -1, 1, 1)",5,27
29,2,36,"(0, 0, 1, 1)","(1, 2, 1, 2)",221,"(1, 1, -1, 1, 1, -1, 1, 1)",5,27
30,2,37,"(0, 0, 1, 1)","(1, 2, 2, 0)",222,"(1, -1, 1, 1, 1, -1, 1, 1)",5,27
31,2,38,"(0, 0, 1, 1)","(1, 2, 2, 1)",223,"(-1, 1, 1, 1, 1, -1, 1, 1)",5,27
32,2,39,"(0, 0, 1, 1)","(1, 2, 2, 2)",227,"(1, 1, 1, -1, -1, 1, 1, 1)",2,27
33,3,22,"(0, 0, 1, 2)","(1, 1, 0, 0)",229,"(1, 1, -1, 1, -1, 1, 1, 1)",2,27
34,3,23,"(0, 0, 1, 2)","(1, 1, 0, 1)",230,"(1, -1, 1, 1, -1, 1, 1, 1)",2,27
35,3,24,"(0, 0, 1, 2)","(1, 1, 0, 2)",231,"(-1, 1, 1, 1, -1, 1, 1, 1)",2,27
36,3,25,"(0, 0, 1, 2)","(1, 1, 1, 0)",233,"(1, 1, -1, -1, 1, 1, 1, 1)",2,27
37,3,26,"(0, 0, 1, 2)","(1, 1, 1, 1)",234,"(1, -1, 1, -1, 1, 1, 1, 1)",2,27
38,3,27,"(0, 0, 1, 2)","(1, 1, 1, 2)",235,"(-1, 1, 1, -1, 1, 1, 1, 1)",2,27
39,3,28,"(0, 0, 1, 2)","(1, 1, 2, 0)",236,"(1, -1, -1, 1, 1, 1, 1, 1)",2,27
40,3,29,"(0, 0, 1, 2)","(1, 1, 2, 1)",237,"(-1, 1, -1, 1, 1, 1, 1, 1)",2,27
41,3,30,"(0, 0, 1, 2)","(1, 1, 2, 2)",238,"(-1, -1, 1, 1, 1, 1, 1, 1)",2,27
42,4,7,"(0, 1, 0, 0)","(0, 1, 1, 0)",3,"(-2, -2, 0, 0, 0, 0, 0, 0)",3,72
43,4,10,"(0, 1, 0, 0)","(0, 1, 2, 0)",7,"(-2, 0, -2, 0, 0, 0, 0, 0)",3,72
44,4,13,"(0, 1, 0, 0)","(1, 0, 0, 0)",0,"(2, 2, 0, 0, 0, 0, 0, 0)",3,72
45,4,16,"(0, 1, 0, 0)","(1, 0, 1, 0)",18,"(-2, 0, 0, 0, 0, 2, 0, 0)",4,27
46,4,19,"(0, 1, 0, 0)","(1, 0, 2, 0)",29,"(0, 2, -2, 0, 0, 0, 0, 0)",3,72
47,4,22,"(0, 1, 0, 0)","(1, 1, 0, 0)",11,"(-2, 0, 0, -2, 0, 0, 0, 0)",3,72
48,4,25,"(0, 1, 0, 0)","(1, 1, 1, 0)",15,"(-2, 0, 0, 0, -2, 0, 0, 0)",3,72
49,4,28,"(0, 1, 0, 0)","(1, 1, 2, 0)",19,"(-2, 0, 0, 0, 0, -2, 0, 0)",1,27
50,4,31,"(0, 1, 0, 0)","(1, 2, 0, 0)",31,"(0, -2, -2, 0, 0, 0, 0, 0)",3,72
51,4,34,"(0, 1, 0, 0)","(1, 2, 1, 0)",35,"(0, -2, 0, -2, 0, 0, 0, 0)",3,72
52,4,37,"(0, 1, 0, 0)","(1, 2, 2, 0)",39,"(0, -2, 0, 0, -2, 0, 0, 0)",3,72
53,5,8,"(0, 1, 0, 1)","(0, 1, 1, 1)",43,"(0, -2, 0, 0, 0, -2, 0, 0)",1,27
54,5,11,"(0, 1, 0, 1)","(0, 1, 2, 1)",55,"(0, 0, -2, -2, 0, 0, 0, 0)",3,72
55,5,13,"(0, 1, 0, 1)","(1, 0, 0, 0)",4,"(2, 0, 2, 0, 0, 0, 0, 0)",3,72
56,5,16,"(0, 1, 0, 1)","(1, 0, 1, 0)",30,"(0, -2, 2, 0, 0, 0, 0, 0)",3,72
57,5,19,"(0, 1, 0, 1)","(1, 0, 2, 0)",33,"(0, 2, 0, -2, 0, 0, 0, 0)",3,72
58,5,23,"(0, 1, 0, 1)","(1, 1, 0, 1)",59,"(0, 0, -2, 0, -2, 0, 0, 0)",3,72
59,5,26,"(0, 1, 0, 1)","(1, 1, 1, 1)",63,"(0, 0, -2, 0, 0, -2, 0, 0)",1,27
60,5,29,"(0, 1, 0, 1)","(1, 1, 2, 1)",75,"(0, 0, 0, -2, -2, 0, 0, 0)",3,72
61,5,33,"(0, 1, 0, 1)","(1, 2, 0, 2)",79,"(0, 0, 0, -2, 0, -2, 0, 0)",1,27
62,5,36,"(0, 1, 0, 1)","(1, 2, 1, 2)",91,"(0, 0, 0, 0, -2, -2, 0, 0)",1,27
63,5,39,"(0, 1, 0, 1)","(1, 2, 2, 2)",144,"(1, -1, -1, -1, -1, -1, 1, -1)",1,27
64,6,9,"(0, 1, 0, 2)","(0, 1, 1, 2)",145,"(-1, 1, -1, -1, -1, -1, 1, -1)",1,27
65,6,12,"(0, 1, 0, 2)","(0, 1, 2, 2)",146,"(-1, -1, 1, -1, -1, -1, 1, -1)",1,27
66,6,13,"(0, 1, 0, 2)","(1, 0, 0, 0)",8,"(2, 0, 0, 2, 0, 0, 0, 0)",3,72
67,6,16,"(0, 1, 0, 2)","(1, 0, 1, 0)",34,"(0, -2, 0, 2, 0, 0, 0, 0)",3,72
68,6,19,"(0, 1, 0, 2)","(1, 0, 2, 0)",37,"(0, 2, 0, 0, -2, 0, 0, 0)",3,72
69,6,24,"(0, 1, 0, 2)","(1, 1, 0, 2)",148,"(-1, -1, -1, 1, -1, -1, 1, -1)",1,27
70,6,27,"(0, 1, 0, 2)","(1, 1, 1, 2)",152,"(-1, -1, -1, -1, 1, -1, 1, -1)",1,27
71,6,30,"(0, 1, 0, 2)","(1, 1, 2, 2)",160,"(-1, -1, -1, -1, -1, 1, 1, -1)",3,72
72,6,32,"(0, 1, 0, 2)","(1, 2, 0, 1)",176,"(1, -1, -1, -1, -1, -1, -1, 1)",3,72
73,6,35,"(0, 1, 0, 2)","(1, 2, 1, 1)",177,"(-1, 1, -1, -1, -1, -1, -1, 1)",3,72
74,6,38,"(0, 1, 0, 2)","(1, 2, 2, 1)",178,"(-1, -1, 1, -1, -1, -1, -1, 1)",3,72
75,7,10,"(0, 1, 1, 0)","(0, 1, 2, 0)",180,"(-1, -1, -1, 1, -1, -1, -1, 1)",3,72
76,7,14,"(0, 1, 1, 0)","(1, 0, 0, 1)",12,"(2, 0, 0, 0, 2, 0, 0, 0)",3,72
77,7,17,"(0, 1, 1, 0)","(1, 0, 1, 1)",38,"(0, -2, 0, 0, 2, 0, 0, 0)",3,72
78,7,20,"(0, 1, 1, 0)","(1, 0, 2, 1)",41,"(0, 2, 0, 0, 0, -2, 0, 0)",1,27
79,7,23,"(0, 1, 1, 0)","(1, 1, 0, 1)",184,"(-1, -1, -1, -1, 1, -1, -1, 1)",3,72
80,7,26,"(0, 1, 1, 0)","(1, 1, 1, 1)",192,"(-1, -1, -1, -1, -1, 1, -1, 1)",4,27
81,7,29,"(0, 1, 1, 0)","(1, 1, 2, 1)",23,"(-2, 0, 0, 0, 0, 0, -2, 0)",6,27
82,7,32,"(0, 1, 1, 0)","(1, 2, 0, 1)",27,"(-2, 0, 0, 0, 0, 0, 0, -2)",0,27
83,7,35,"(0, 1, 1, 0)","(1, 2, 1, 1)",47,"(0, -2, 0, 0, 0, 0, -2, 0)",6,27
84,7,38,"(0, 1, 1, 0)","(1, 2, 2, 1)",51,"(0, -2, 0, 0, 0, 0, 0, -2)",0,27
85,8,11,"(0, 1, 1, 1)","(0, 1, 2, 1)",67,"(0, 0, -2, 0, 0, 0, -2, 0)",6,27
86,8,14,"(0, 1, 1, 1)","(1, 0, 0, 1)",16,"(2, 0, 0, 0, 0, 2, 0, 0)",4,27
87,8,17,"(0, 1, 1, 1)","(1, 0, 1, 1)",42,"(0, -2, 0, 0, 0, 2, 0, 0)",4,27
88,8,20,"(0, 1, 1, 1)","(1, 0, 2, 1)",53,"(0, 0, 2, -2, 0, 0, 0, 0)",3,72
89,8,24,"(0, 1, 1, 1)","(1, 1, 0, 2)",71,"(0, 0, -2, 0, 0, 0, 0, -2)",0,27
90,8,27,"(0, 1, 1, 1)","(1, 1, 1, 2)",83,"(0, 0, 0, -2, 0, 0, -2, 0)",6,27
91,8,30,"(0, 1, 1, 1)","(1, 1, 2, 2)",87,"(0, 0, 0, -2, 0, 0, 0, -2)",0,27
92,8,31,"(0, 1, 1, 1)","(1, 2, 0, 0)",95,"(0, 0, 0, 0, -2, 0, -2, 0)",6,27
93,8,34,"(0, 1, 1, 1)","(1, 2, 1, 0)",99,"(0, 0, 0, 0, -2, 0, 0, -2)",0,27
94,8,37,"(0, 1, 1, 1)","(1, 2, 2, 0)",103,"(0, 0, 0, 0, 0, -2, -2, 0)",0,27
95,9,12,"(0, 1, 1, 2)","(0, 1, 2, 2)",107,"(0, 0, 0, 0, 0, -2, 0, -2)",9,1
96,9,14,"(0, 1, 1, 2)","(1, 0, 0, 1)",28,"(0, 2, 2, 0, 0, 0, 0, 0)",3,72
97,9,17,"(0, 1, 1, 2)","(1, 0, 1, 1)",54,"(0, 0, -2, 2, 0, 0, 0, 0)",3,72
98,9,20,"(0, 1, 1, 2)","(1, 0, 2, 1)",57,"(0, 0, 2, 0, -2, 0, 0, 0)",3,72
99,9,22,"(0, 1, 1, 2)","(1, 1, 0, 0)",113,"(1, 1, -1, -1, -1, -1, -1, -1)",0,27
100,9,25,"(0, 1, 1, 2)","(1, 1, 1, 0)",114,"(1, -1, 1, -1, -1, -1, -1, -1)",0,27
101,9,28,"(0, 1, 1, 2)","(1, 1, 2, 0)",115,"(-1, 1, 1, -1, -1, -1, -1, -1)",0,27
102,9,33,"(0, 1, 1, 2)","(1, 2, 0, 2)",116,"(1, -1, -1, 1, -1, -1, -1, -1)",0,27
103,9,36,"(0, 1, 1, 2)","(1, 2, 1, 2)",117,"(-1, 1, -1, 1, -1, -1, -1, -1)",0,27
104,9,39,"(0, 1, 1, 2)","(1, 2, 2, 2)",118,"(-1, -1, 1, 1, -1, -1, -1, -1)",0,27
105,10,15,"(0, 1, 2, 0)","(1, 0, 0, 2)",32,"(0, 2, 0, 2, 0, 0, 0, 0)",3,72
106,10,18,"(0, 1, 2, 0)","(1, 0, 1, 2)",58,"(0, 0, -2, 0, 2, 0, 0, 0)",3,72
107,10,21,"(0, 1, 2, 0)","(1, 0, 2, 2)",61,"(0, 0, 2, 0, 0, -2, 0, 0)",1,27
108,10,24,"(0, 1, 2, 0)","(1, 1, 0, 2)",120,"(1, -1, -1, -1, 1, -1, -1, -1)",0,27
109,10,27,"(0, 1, 2, 0)","(1, 1, 1, 2)",121,"(-1, 1, -1, -1, 1, -1, -1, -1)",0,27
110,10,30,"(0, 1, 2, 0)","(1, 1, 2, 2)",122,"(-1, -1, 1, -1, 1, -1, -1, -1)",0,27
111,10,33,"(0, 1, 2, 0)","(1, 2, 0, 2)",124,"(-1, -1, -1, 1, 1, -1, -1, -1)",0,27
112,10,36,"(0, 1, 2, 0)","(1, 2, 1, 2)",128,"(1, -1, -1, -1, -1, 1, -1, -1)",6,27
113,10,39,"(0, 1, 2, 0)","(1, 2, 2, 2)",129,"(-1, 1, -1, -1, -1, 1, -1, -1)",6,27
114,11,15,"(0, 1, 2, 1)","(1, 0, 0, 2)",36,"(0, 2, 0, 0, 2, 0, 0, 0)",3,72
115,11,18,"(0, 1, 2, 1)","(1, 0, 1, 2)",62,"(0, 0, -2, 0, 0, 2, 0, 0)",4,27
116,11,21,"(0, 1, 2, 1)","(1, 0, 2, 2)",73,"(0, 0, 0, 2, -2, 0, 0, 0)",3,72
117,11,22,"(0, 1, 2, 1)","(1, 1, 0, 0)",130,"(-1, -1, 1, -1, -1, 1, -1, -1)",6,27
118,11,25,"(0, 1, 2, 1)","(1, 1, 1, 0)",132,"(-1, -1, -1, 1, -1, 1, -1, -1)",6,27
119,11,28,"(0, 1, 2, 1)","(1, 1, 2, 0)",136,"(-1, -1, -1, -1, 1, 1, -1, -1)",6,27
120,11,32,"(0, 1, 2, 1)","(1, 2, 0, 1)",22,"(-2, 0, 0, 0, 0, 0, 2, 0)",5,27
121,11,35,"(0, 1, 2, 1)","(1, 2, 1, 1)",26,"(-2, 0, 0, 0, 0, 0, 0, 2)",2,27
122,11,38,"(0, 1, 2, 1)","(1, 2, 2, 1)",46,"(0, -2, 0, 0, 0, 0, 2, 0)",5,27
123,12,15,"(0, 1, 2, 2)","(1, 0, 0, 2)",40,"(0, 2, 0, 0, 0, 2, 0, 0)",4,27
124,12,18,"(0, 1, 2, 2)","(1, 0, 1, 2)",74,"(0, 0, 0, -2, 2, 0, 0, 0)",3,72
125,12,21,"(0, 1, 2, 2)","(1, 0, 2, 2)",77,"(0, 0, 0, 2, 0, -2, 0, 0)",1,27
126,12,23,"(0, 1, 2, 2)","(1, 1, 0, 1)",50,"(0, -2, 0, 0, 0, 0, 0, 2)",2,27
127,12,26,"(0, 1, 2, 2)","(1, 1, 1, 1)",66,"(0, 0, -2, 0, 0, 0, 2, 0)",5,27
128,12,29,"(0, 1, 2, 2)","(1, 1, 2, 1)",70,"(0, 0, -2, 0, 0, 0, 0, 2)",2,27
129,12,31,"(0, 1, 2, 2)","(1, 2, 0, 0)",82,"(0, 0, 0, -2, 0, 0, 2, 0)",5,27
130,12,34,"(0, 1, 2, 2)","(1, 2, 1, 0)",86,"(0, 0, 0, -2, 0, 0, 0, 2)",2,27
131,12,37,"(0, 1, 2, 2)","(1, 2, 2, 0)",94,"(0, 0, 0, 0, -2, 0, 2, 0)",5,27
132,13,14,"(1, 0, 0, 0)","(1, 0, 0, 1)",78,"(0, 0, 0, -2, 0, 2, 0, 0)",4,27
133,13,15,"(1, 0, 0, 0)","(1, 0, 0, 2)",89,"(0, 0, 0, 0, 2, -2, 0, 0)",1,27
134,13,22,"(1, 0, 0, 0)","(1, 1, 0, 0)",52,"(0, 0, 2, 2, 0, 0, 0, 0)",3,72
135,13,23,"(1, 0, 0, 0)","(1, 1, 0, 1)",56,"(0, 0, 2, 0, 2, 0, 0, 0)",3,72
136,13,24,"(1, 0, 0, 0)","(1, 1, 0, 2)",60,"(0, 0, 2, 0, 0, 2, 0, 0)",4,27
137,13,31,"(1, 0, 0, 0)","(1, 2, 0, 0)",72,"(0, 0, 0, 2, 2, 0, 0, 0)",3,72
138,13,32,"(1, 0, 0, 0)","(1, 2, 0, 1)",76,"(0, 0, 0, 2, 0, 2, 0, 0)",4,27
139,13,33,"(1, 0, 0, 0)","(1, 2, 0, 2)",88,"(0, 0, 0, 0, 2, 2, 0, 0)",4,27
140,14,15,"(1, 0, 0, 1)","(1, 0, 0, 2)",90,"(0, 0, 0, 0, -2, 2, 0, 0)",4,27
141,14,25,"(1, 0, 0, 1)","(1, 1, 1, 0)",159,"(1, 1, 1, 1, 1, -1, 1, -1)",1,27
142,14,26,"(1, 0, 0, 1)","(1, 1, 1, 1)",167,"(1, 1, 1, 1, -1, 1, 1, -1)",3,72
143,14,27,"(1, 0, 0, 1)","(1, 1, 1, 2)",171,"(1, 1, 1, -1, 1, 1, 1, -1)",3,72
144,14,37,"(1, 0, 0, 1)","(1, 2, 2, 0)",173,"(1, 1, -1, 1, 1, 1, 1, -1)",3,72
145,14,38,"(1, 0, 0, 1)","(1, 2, 2, 1)",174,"(1, -1, 1, 1, 1, 1, 1, -1)",3,72
146,14,39,"(1, 0, 0, 1)","(1, 2, 2, 2)",175,"(-1, 1, 1, 1, 1, 1, 1, -1)",3,72
147,15,28,"(1, 0, 0, 2)","(1, 1, 2, 0)",191,"(1, 1, 1, 1, 1, -1, -1, 1)",3,72
148,15,29,"(1, 0, 0, 2)","(1, 1, 2, 1)",199,"(1, 1, 1, 1, -1, 1, -1, 1)",4,27
149,15,30,"(1, 0, 0, 2)","(1, 1, 2, 2)",203,"(1, 1, 1, -1, 1, 1, -1, 1)",4,27
150,15,34,"(1, 0, 0, 2)","(1, 2, 1, 0)",205,"(1, 1, -1, 1, 1, 1, -1, 1)",4,27
151,15,35,"(1, 0, 0, 2)","(1, 2, 1, 1)",206,"(1, -1, 1, 1, 1, 1, -1, 1)",4,27
152,15,36,"(1, 0, 0, 2)","(1, 2, 1, 2)",207,"(-1, 1, 1, 1, 1, 1, -1, 1)",4,27
153,16,17,"(1, 0, 1, 0)","(1, 0, 1, 1)",109,"(0, 0, 0, 0, 0, 0, 2, -2)",1,27
154,16,18,"(1, 0, 1, 0)","(1, 0, 1, 2)",110,"(0, 0, 0, 0, 0, 0, -2, 2)",4,27
155,16,25,"(1, 0, 1, 0)","(1, 1, 1, 0)",147,"(1, 1, 1, -1, -1, -1, 1, -1)",1,27
156,16,26,"(1, 0, 1, 0)","(1, 1, 1, 1)",149,"(1, 1, -1, 1, -1, -1, 1, -1)",1,27
157,16,27,"(1, 0, 1, 0)","(1, 1, 1, 2)",150,"(1, -1, 1, 1, -1, -1, 1, -1)",1,27
158,16,34,"(1, 0, 1, 0)","(1, 2, 1, 0)",151,"(-1, 1, 1, 1, -1, -1, 1, -1)",1,27
159,16,35,"(1, 0, 1, 0)","(1, 2, 1, 1)",153,"(1, 1, -1, -1, 1, -1, 1, -1)",1,27
160,16,36,"(1, 0, 1, 0)","(1, 2, 1, 2)",154,"(1, -1, 1, -1, 1, -1, 1, -1)",1,27
161,17,18,"(1, 0, 1, 1)","(1, 0, 1, 2)",155,"(-1, 1, 1, -1, 1, -1, 1, -1)",1,27
162,17,28,"(1, 0, 1, 1)","(1, 1, 2, 0)",156,"(1, -1, -1, 1, 1, -1, 1, -1)",1,27
163,17,29,"(1, 0, 1, 1)","(1, 1, 2, 1)",157,"(-1, 1, -1, 1, 1, -1, 1, -1)",1,27
164,17,30,"(1, 0, 1, 1)","(1, 1, 2, 2)",158,"(-1, -1, 1, 1, 1, -1, 1, -1)",1,27
165,17,31,"(1, 0, 1, 1)","(1, 2, 0, 0)",161,"(1, 1, -1, -1, -1, 1, 1, -1)",3,72
166,17,32,"(1, 0, 1, 1)","(1, 2, 0, 1)",162,"(1, -1, 1, -1, -1, 1, 1, -1)",3,72
167,17,33,"(1, 0, 1, 1)","(1, 2, 0, 2)",163,"(-1, 1, 1, -1, -1, 1, 1, -1)",3,72
168,18,22,"(1, 0, 1, 2)","(1, 1, 0, 0)",164,"(1, -1, -1, 1, -1, 1, 1, -1)",3,72
169,18,23,"(1, 0, 1, 2)","(1, 1, 0, 1)",165,"(-1, 1, -1, 1, -1, 1, 1, -1)",3,72
170,18,24,"(1, 0, 1, 2)","(1, 1, 0, 2)",166,"(-1, -1, 1, 1, -1, 1, 1, -1)",3,72
171,18,37,"(1, 0, 1, 2)","(1, 2, 2, 0)",168,"(1, -1, -1, -1, 1, 1, 1, -1)",3,72
172,18,38,"(1, 0, 1, 2)","(1, 2, 2, 1)",169,"(-1, 1, -1, -1, 1, 1, 1, -1)",3,72
173,18,39,"(1, 0, 1, 2)","(1, 2, 2, 2)",170,"(-1, -1, 1, -1, 1, 1, 1, -1)",3,72
174,19,20,"(1, 0, 2, 0)","(1, 0, 2, 1)",172,"(-1, -1, -1, 1, 1, 1, 1, -1)",3,72
175,19,21,"(1, 0, 2, 0)","(1, 0, 2, 2)",179,"(1, 1, 1, -1, -1, -1, -1, 1)",3,72
176,19,28,"(1, 0, 2, 0)","(1, 1, 2, 0)",181,"(1, 1, -1, 1, -1, -1, -1, 1)",3,72
177,19,29,"(1, 0, 2, 0)","(1, 1, 2, 1)",182,"(1, -1, 1, 1, -1, -1, -1, 1)",3,72
178,19,30,"(1, 0, 2, 0)","(1, 1, 2, 2)",183,"(-1, 1, 1, 1, -1, -1, -1, 1)",3,72
179,19,37,"(1, 0, 2, 0)","(1, 2, 2, 0)",185,"(1, 1, -1, -1, 1, -1, -1, 1)",3,72
180,19,38,"(1, 0, 2, 0)","(1, 2, 2, 1)",186,"(1, -1, 1, -1, 1, -1, -1, 1)",3,72
181,19,39,"(1, 0, 2, 0)","(1, 2, 2, 2)",187,"(-1, 1, 1, -1, 1, -1, -1, 1)",3,72
182,20,21,"(1, 0, 2, 1)","(1, 0, 2, 2)",188,"(1, -1, -1, 1, 1, -1, -1, 1)",3,72
183,20,22,"(1, 0, 2, 1)","(1, 1, 0, 0)",189,"(-1, 1, -1, 1, 1, -1, -1, 1)",3,72
184,20,23,"(1, 0, 2, 1)","(1, 1, 0, 1)",190,"(-1, -1, 1, 1, 1, -1, -1, 1)",3,72
185,20,24,"(1, 0, 2, 1)","(1, 1, 0, 2)",193,"(1, 1, -1, -1, -1, 1, -1, 1)",4,27
186,20,34,"(1, 0, 2, 1)","(1, 2, 1, 0)",194,"(1, -1, 1, -1, -1, 1, -1, 1)",4,27
187,20,35,"(1, 0, 2, 1)","(1, 2, 1, 1)",195,"(-1, 1, 1, -1, -1, 1, -1, 1)",4,27
188,20,36,"(1, 0, 2, 1)","(1, 2, 1, 2)",196,"(1, -1, -1, 1, -1, 1, -1, 1)",4,27
189,21,25,"(1, 0, 2, 2)","(1, 1, 1, 0)",197,"(-1, 1, -1, 1, -1, 1, -1, 1)",4,27
190,21,26,"(1, 0, 2, 2)","(1, 1, 1, 1)",198,"(-1, -1, 1, 1, -1, 1, -1, 1)",4,27
191,21,27,"(1, 0, 2, 2)","(1, 1, 1, 2)",200,"(1, -1, -1, -1, 1, 1, -1, 1)",4,27
192,21,31,"(1, 0, 2, 2)","(1, 2, 0, 0)",201,"(-1, 1, -1, -1, 1, 1, -1, 1)",4,27
193,21,32,"(1, 0, 2, 2)","(1, 2, 0, 1)",202,"(-1, -1, 1, -1, 1, 1, -1, 1)",4,27
194,21,33,"(1, 0, 2, 2)","(1, 2, 0, 2)",204,"(-1, -1, -1, 1, 1, 1, -1, 1)",4,27
195,22,27,"(1, 1, 0, 0)","(1, 1, 1, 2)",98,"(0, 0, 0, 0, -2, 0, 0, 2)",2,27
196,22,29,"(1, 1, 0, 0)","(1, 1, 2, 1)",102,"(0, 0, 0, 0, 0, -2, 2, 0)",11,1
197,22,31,"(1, 1, 0, 0)","(1, 2, 0, 0)",106,"(0, 0, 0, 0, 0, -2, 0, 2)",5,27
198,22,36,"(1, 1, 0, 0)","(1, 2, 1, 2)",209,"(1, 1, -1, -1, -1, -1, 1, 1)",5,27
199,22,38,"(1, 1, 0, 0)","(1, 2, 2, 1)",210,"(1, -1, 1, -1, -1, -1, 1, 1)",5,27
200,23,25,"(1, 1, 0, 1)","(1, 1, 1, 0)",211,"(-1, 1, 1, -1, -1, -1, 1, 1)",5,27
201,23,30,"(1, 1, 0, 1)","(1, 1, 2, 2)",212,"(1, -1, -1, 1, -1, -1, 1, 1)",5,27
202,23,33,"(1, 1, 0, 1)","(1, 2, 0, 2)",213,"(-1, 1, -1, 1, -1, -1, 1, 1)",5,27
203,23,35,"(1, 1, 0, 1)","(1, 2, 1, 1)",214,"(-1, -1, 1, 1, -1, -1, 1, 1)",5,27
204,23,37,"(1, 1, 0, 1)","(1, 2, 2, 0)",216,"(1, -1, -1, -1, 1, -1, 1, 1)",5,27
205,24,26,"(1, 1, 0, 2)","(1, 1, 1, 1)",217,"(-1, 1, -1, -1, 1, -1, 1, 1)",5,27
206,24,28,"(1, 1, 0, 2)","(1, 1, 2, 0)",218,"(-1, -1, 1, -1, 1, -1, 1, 1)",5,27
207,24,32,"(1, 1, 0, 2)","(1, 2, 0, 1)",220,"(-1, -1, -1, 1, 1, -1, 1, 1)",5,27
208,24,34,"(1, 1, 0, 2)","(1, 2, 1, 0)",224,"(1, -1, -1, -1, -1, 1, 1, 1)",2,27
209,24,39,"(1, 1, 0, 2)","(1, 2, 2, 2)",225,"(-1, 1, -1, -1, -1, 1, 1, 1)",2,27
210,25,30,"(1, 1, 1, 0)","(1, 1, 2, 2)",226,"(-1, -1, 1, -1, -1, 1, 1, 1)",2,27
211,25,32,"(1, 1, 1, 0)","(1, 2, 0, 1)",228,"(-1, -1, -1, 1, -1, 1, 1, 1)",2,27
212,25,34,"(1, 1, 1, 0)","(1, 2, 1, 0)",232,"(-1, -1, -1, -1, 1, 1, 1, 1)",2,27
213,25,39,"(1, 1, 1, 0)","(1, 2, 2, 2)",21,"(2, 0, 0, 0, 0, 0, -2, 0)",6,27
214,26,28,"(1, 1, 1, 1)","(1, 1, 2, 0)",25,"(2, 0, 0, 0, 0, 0, 0, -2)",0,27
215,26,31,"(1, 1, 1, 1)","(1, 2, 0, 0)",45,"(0, 2, 0, 0, 0, 0, -2, 0)",6,27
216,26,36,"(1, 1, 1, 1)","(1, 2, 1, 2)",49,"(0, 2, 0, 0, 0, 0, 0, -2)",0,27
217,26,38,"(1, 1, 1, 1)","(1, 2, 2, 1)",65,"(0, 0, 2, 0, 0, 0, -2, 0)",6,27
218,27,29,"(1, 1, 1, 2)","(1, 1, 2, 1)",69,"(0, 0, 2, 0, 0, 0, 0, -2)",0,27
219,27,33,"(1, 1, 1, 2)","(1, 2, 0, 2)",81,"(0, 0, 0, 2, 0, 0, -2, 0)",6,27
220,27,35,"(1, 1, 1, 2)","(1, 2, 1, 1)",85,"(0, 0, 0, 2, 0, 0, 0, -2)",0,27
221,27,37,"(1, 1, 1, 2)","(1, 2, 2, 0)",93,"(0, 0, 0, 0, 2, 0, -2, 0)",6,27
222,28,33,"(1, 1, 2, 0)","(1, 2, 0, 2)",97,"(0, 0, 0, 0, 2, 0, 0, -2)",0,27
223,28,35,"(1, 1, 2, 0)","(1, 2, 1, 1)",101,"(0, 0, 0, 0, 0, 2, -2, 0)",7,1
224,28,37,"(1, 1, 2, 0)","(1, 2, 2, 0)",105,"(0, 0, 0, 0, 0, 2, 0, -2)",6,27
225,29,32,"(1, 1, 2, 1)","(1, 2, 0, 1)",119,"(1, 1, 1, 1, -1, -1, -1, -1)",0,27
226,29,34,"(1, 1, 2, 1)","(1, 2, 1, 0)",123,"(1, 1, 1, -1, 1, -1, -1, -1)",0,27
227,29,39,"(1, 1, 2, 1)","(1, 2, 2, 2)",125,"(1, 1, -1, 1, 1, -1, -1, -1)",0,27
228,30,31,"(1, 1, 2, 2)","(1, 2, 0, 0)",126,"(1, -1, 1, 1, 1, -1, -1, -1)",0,27
229,30,36,"(1, 1, 2, 2)","(1, 2, 1, 2)",127,"(-1, 1, 1, 1, 1, -1, -1, -1)",0,27
230,30,38,"(1, 1, 2, 2)","(1, 2, 2, 1)",131,"(1, 1, 1, -1, -1, 1, -1, -1)",6,27
231,31,35,"(1, 2, 0, 0)","(1, 2, 1, 1)",133,"(1, 1, -1, 1, -1, 1, -1, -1)",6,27
232,31,39,"(1, 2, 0, 0)","(1, 2, 2, 2)",134,"(1, -1, 1, 1, -1, 1, -1, -1)",6,27
233,32,36,"(1, 2, 0, 1)","(1, 2, 1, 2)",135,"(-1, 1, 1, 1, -1, 1, -1, -1)",6,27
234,32,37,"(1, 2, 0, 1)","(1, 2, 2, 0)",137,"(1, 1, -1, -1, 1, 1, -1, -1)",6,27
235,33,34,"(1, 2, 0, 2)","(1, 2, 1, 0)",138,"(1, -1, 1, -1, 1, 1, -1, -1)",6,27
236,33,38,"(1, 2, 0, 2)","(1, 2, 2, 1)",139,"(-1, 1, 1, -1, 1, 1, -1, -1)",6,27
237,34,38,"(1, 2, 1, 0)","(1, 2, 2, 1)",140,"(1, -1, -1, 1, 1, 1, -1, -1)",6,27
238,35,39,"(1, 2, 1, 1)","(1, 2, 2, 2)",141,"(-1, 1, -1, 1, 1, 1, -1, -1)",6,27
239,36,37,"(1, 2, 1, 2)","(1, 2, 2, 0)",142,"(-1, -1, 1, 1, 1, 1, -1, -1)",6,27
